INSERT INTO Program VALUES
 (1, 'PARTYが始まるよ', now(), null)
,(2, '手をつなぎながら', now(), null)
,(3, '会いたかった', now(), null)
,(4, '制服の芽', now(), null)
,(5, 'パジャマドライブ', now(), null)
,(6, 'ラムネの飲み方', now(), null)
,(7, '逆上がり', now(), null)
,(8, 'RESET', now(), null)
,(9, 'シアターの女神', now(), null)
,(10, '僕の太陽', now(), null)
,(11, 'アップカミング', now(), null)
,(12, 'ミッドナイト', now(), null)
;

INSERT INTO Team (team_id, team_name, regist_time, regist_user)
VALUES
 (1, 'TeamS', NOW(), 'tatakauashi')
,(2, 'TeamKⅡ', NOW(), 'tatakauashi')
,(3, 'TeamE', NOW(), 'tatakauashi')
,(4, '研究生', NOW(), 'tatakauashi')
,(99, 'その他', NOW(), 'tatakauashi')
;

INSERT INTO Member VALUES
 (1, '東李苑', 101, NOW(), null)
,(2, '犬塚あさな', 102, NOW(), null)
,(3, '大矢真那', 103, NOW(), null)
,(4, '北川綾巴', 104, NOW(), null)
,(5, '後藤理沙子', 105, NOW(), null)
,(6, '杉山愛佳', 106, NOW(), null)
,(7, '竹内舞', 107, NOW(), null)
,(8, '都築里佳', 108, NOW(), null)
,(9, '野口由芽', 109, NOW(), null)
,(10, '野島樺乃', 110, NOW(), null)
,(11, '二村春香', 111, NOW(), null)
,(12, '松井珠理奈', 112, NOW(), null)
,(13, '松本慈子', 113, NOW(), null)
,(14, '宮澤佐江', 114, NOW(), null)
,(15, '宮前杏実', 115, NOW(), null)
,(16, '矢方美紀', 116, NOW(), null)
,(17, '山内鈴蘭', 117, NOW(), null)
,(18, '山田樹奈', 118, NOW(), null)
,(19, '青木詩織', 201, NOW(), null)
,(20, '荒井優希', 202, NOW(), null)
,(21, '石田安奈', 203, NOW(), null)
,(22, '内山命', 204, NOW(), null)
,(23, '江籠裕奈', 205, NOW(), null)
,(24, '大場美奈', 206, NOW(), null)
,(25, '小畑優奈', 207, NOW(), null)
,(26, '北野瑠華', 208, NOW(), null)
,(27, '白井琴望', 209, NOW(), null)
,(28, '惣田紗莉渚', 210, NOW(), null)
,(29, '高木由麻奈', 211, NOW(), null)
,(30, '髙塚夏生', 212, NOW(), null)
,(31, '高柳明音', 213, NOW(), null)
,(32, '竹内彩姫', 214, NOW(), null)
,(33, '日高優月', 215, NOW(), null)
,(34, '古畑奈和', 216, NOW(), null)
,(35, '松村香織', 217, NOW(), null)
,(36, '山下ゆかり', 218, NOW(), null)
,(37, '磯原杏華', 301, NOW(), null)
,(38, '井田玲音名', 302, NOW(), null)
,(39, '市野成美', 303, NOW(), null)
,(40, '梅本まどか', 304, NOW(), null)
,(41, '加藤るみ', 305, NOW(), null)
,(42, '鎌田菜月', 306, NOW(), null)
,(43, '木本花音', 307, NOW(), null)
,(44, '熊崎晴香', 308, NOW(), null)
,(45, '小石公美子', 309, NOW(), null)
,(46, '後藤楽々', 310, NOW(), null)
,(47, '斉藤真木子', 311, NOW(), null)
,(48, '酒井萌衣', 312, NOW(), null)
,(49, '佐藤すみれ', 313, NOW(), null)
,(50, '柴田阿弥', 314, NOW(), null)
,(51, '菅原茉椰', 315, NOW(), null)
,(52, '須田亜香里', 316, NOW(), null)
,(53, '髙寺沙菜', 317, NOW(), null)
,(54, '谷真理佳', 318, NOW(), null)
,(55, '福士奈央', 319, NOW(), null)
,(56, '相川暖花', 401, NOW(), null)
,(57, '浅井裕華', 402, NOW(), null)
,(58, '太田彩夏', 403, NOW(), null)
,(59, '片岡成美', 404, NOW(), null)
,(60, '川崎成美', 405, NOW(), null)
,(61, '末永桜花', 406, NOW(), null)
,(62, '髙畑結希', 407, NOW(), null)
,(63, '町音葉', 408, NOW(), null)
,(64, '村井純奈', 409, NOW(), null)
,(65, '和田愛菜', 410, NOW(), null)
,(66, '一色嶺奈', 411, NOW(), null)
,(67, '上村亜柚香', 412, NOW(), null)
,(68, '水野愛理', 413, NOW(), null)
;

INSERT INTO Member (member_id, member_name, sort_order, regist_time, regist_user)
VALUES
 (10001, '赤枝里々奈', 10001, NOW(), 'tatakauashi')
,(10002, '阿比留李帆', 10002, NOW(), 'tatakauashi')
,(10003, '井口栞里', 10003, NOW(), 'tatakauashi')
,(10004, '岩永亞美', 10004, NOW(), 'tatakauashi')
,(10005, '今出舞', 10005, NOW(), 'tatakauashi')
,(10006, '上野圭澄', 10006, NOW(), 'tatakauashi')
,(10007, '大脇有紗', 10007, NOW(), 'tatakauashi')
,(10008, '小木曽汐莉', 10008, NOW(), 'tatakauashi')
,(10009, '荻野利沙', 10009, NOW(), 'tatakauashi')
,(10010, '小野晴香', 10010, NOW(), 'tatakauashi')
,(10011, '折戸愛彩', 10011, NOW(), 'tatakauashi')
,(10012, '加藤智子', 10012, NOW(), 'tatakauashi')
,(10013, '金子栞', 10013, NOW(), 'tatakauashi')
,(10014, '木崎ゆりあ', 10014, NOW(), 'tatakauashi')
,(10015, '北原侑奈', 10015, NOW(), 'tatakauashi')
,(10016, '鬼頭桃菜', 10016, NOW(), 'tatakauashi')
,(10017, '木下有希子', 10017, NOW(), 'tatakauashi')
,(10018, '桑原みずき', 10018, NOW(), 'tatakauashi')
,(10019, '後藤真由子', 10019, NOW(), 'tatakauashi')
,(10020, '小林亜実', 10020, NOW(), 'tatakauashi')
,(10021, '小林絵未梨', 10021, NOW(), 'tatakauashi')
,(10022, '佐々木柚香', 10022, NOW(), 'tatakauashi')
,(10023, '佐藤聖羅', 10023, NOW(), 'tatakauashi')
,(10024, '佐藤実絵子', 10024, NOW(), 'tatakauashi')
,(10025, '菅なな子', 10025, NOW(), 'tatakauashi')
,(10026, '空美夕日', 10026, NOW(), 'tatakauashi')
,(10027, '高田志織', 10027, NOW(), 'tatakauashi')
,(10028, '出口陽', 10028, NOW(), 'tatakauashi')
,(10029, '中西優香', 10029, NOW(), 'tatakauashi')
,(10030, '中村優花', 10030, NOW(), 'tatakauashi')
,(10031, '新土居沙也加', 10031, NOW(), 'tatakauashi')
,(10032, '秦佐和子', 10032, NOW(), 'tatakauashi')
,(10033, '原望奈美', 10033, NOW(), 'tatakauashi')
,(10034, '日置実希', 10034, NOW(), 'tatakauashi')
,(10035, '平田璃香子', 10035, NOW(), 'tatakauashi')
,(10036, '平松可奈子', 10036, NOW(), 'tatakauashi')
,(10037, '藤本美月', 10037, NOW(), 'tatakauashi')
,(10038, '古川愛李', 10038, NOW(), 'tatakauashi')
,(10039, '松井玲奈', 10039, NOW(), 'tatakauashi')
,(10040, '松本梨奈', 10040, NOW(), 'tatakauashi')
,(10041, '間野春香', 10041, NOW(), 'tatakauashi')
,(10042, '水埜帆乃香', 10042, NOW(), 'tatakauashi')
,(10043, '向田茉夏', 10043, NOW(), 'tatakauashi')
,(10044, '矢神久美', 10044, NOW(), 'tatakauashi')
,(10045, '矢野杏月', 10045, NOW(), 'tatakauashi')
,(10046, '山田恵里伽', 10046, NOW(), 'tatakauashi')
,(10047, '山田みずほ', 10047, NOW(), 'tatakauashi')
,(10048, '山田澪花', 10048, NOW(), 'tatakauashi')
,(10049, '山本由香', 10049, NOW(), 'tatakauashi')
,(10050, '若林倫香', 10050, NOW(), 'tatakauashi')
,(10051, '神門沙樹', 10051, NOW(), 'tatakauashi')
,(10052, '辻のぞみ', 10052, NOW(), 'tatakauashi')
,(10053, '田中菜津美', 10053, NOW(), 'tatakauashi')
,(10054, '渡辺美優紀', 10054, NOW(), 'tatakauashi')
;


INSERT INTO Belonging
(member_id, team_id, from_date, regist_time, delete_time)
 VALUES
 (1, 1, NOW(), NOW(), null)
,(2, 1, NOW(), NOW(), null)
,(3, 1, NOW(), NOW(), null)
,(4, 1, NOW(), NOW(), null)
,(5, 1, NOW(), NOW(), null)
,(6, 1, NOW(), NOW(), null)
,(7, 1, NOW(), NOW(), null)
,(8, 1, NOW(), NOW(), null)
,(9, 1, NOW(), NOW(), null)
,(10, 1, NOW(), NOW(), null)
,(11, 1, NOW(), NOW(), null)
,(12, 1, NOW(), NOW(), null)
,(13, 1, NOW(), NOW(), null)
,(14, 1, NOW(), NOW(), null)
,(15, 1, NOW(), NOW(), null)
,(16, 1, NOW(), NOW(), null)
,(17, 1, NOW(), NOW(), null)
,(18, 1, NOW(), NOW(), null)
,(19, 2, NOW(), NOW(), null)
,(20, 2, NOW(), NOW(), null)
,(21, 2, NOW(), NOW(), null)
,(22, 2, NOW(), NOW(), null)
,(23, 2, NOW(), NOW(), null)
,(24, 2, NOW(), NOW(), null)
,(25, 2, NOW(), NOW(), null)
,(26, 2, NOW(), NOW(), null)
,(27, 2, NOW(), NOW(), null)
,(28, 2, NOW(), NOW(), null)
,(29, 2, NOW(), NOW(), null)
,(30, 2, NOW(), NOW(), null)
,(31, 2, NOW(), NOW(), null)
,(32, 2, NOW(), NOW(), null)
,(33, 2, NOW(), NOW(), null)
,(34, 2, NOW(), NOW(), null)
,(35, 2, NOW(), NOW(), null)
,(36, 2, NOW(), NOW(), null)
,(37, 3, NOW(), NOW(), null)
,(38, 3, NOW(), NOW(), null)
,(39, 3, NOW(), NOW(), null)
,(40, 3, NOW(), NOW(), null)
,(41, 3, NOW(), NOW(), null)
,(42, 3, NOW(), NOW(), null)
,(43, 3, NOW(), NOW(), null)
,(44, 3, NOW(), NOW(), null)
,(45, 3, NOW(), NOW(), null)
,(46, 3, NOW(), NOW(), null)
,(47, 3, NOW(), NOW(), null)
,(48, 3, NOW(), NOW(), null)
,(49, 3, NOW(), NOW(), null)
,(50, 3, NOW(), NOW(), null)
,(51, 3, NOW(), NOW(), null)
,(52, 3, NOW(), NOW(), null)
,(53, 3, NOW(), NOW(), null)
,(54, 3, NOW(), NOW(), null)
,(55, 3, NOW(), NOW(), null)
,(56, 4, NOW(), NOW(), null)
,(57, 4, NOW(), NOW(), null)
,(58, 4, NOW(), NOW(), null)
,(59, 4, NOW(), NOW(), null)
,(60, 4, NOW(), NOW(), null)
,(61, 4, NOW(), NOW(), null)
,(62, 4, NOW(), NOW(), null)
,(63, 4, NOW(), NOW(), null)
,(64, 4, NOW(), NOW(), null)
,(65, 4, NOW(), NOW(), null)
,(66, 4, NOW(), NOW(), null)
,(67, 4, NOW(), NOW(), null)
,(68, 4, NOW(), NOW(), null)
;

INSERT INTO Event (event_id, event_name, regist_time, regist_user)
VALUES
 (1, '生誕祭', NOW(), 'tatakauashi')
,(2, '劇場最終公演', NOW(), 'tatakauashi')
,(3, 'AKB48劇場出張公演', NOW(), 'tatakauashi')
,(4, 'NMB48劇場出張公演', NOW(), 'tatakauashi')
,(5, 'HKT48劇場出張公演', NOW(), 'tatakauashi')
;
